
{
"bot-name": "MALVIN-XD",
  "description": "ᴊᴀᴠᴀsᴄʀɪᴘᴛ ᴡʜᴀᴛsᴀᴘᴘ ʙᴏᴛ ᴄʀᴇᴀᴛᴇᴅ ʙʏ ᴍᴀʟᴠɪɴ ᴋɪɴɢ",
  "logo": "https://files.catbox.moe/juxfce.jpg",
  "keywords": ["bot"],
  "documentation-link": "https://new-session-x1e9.onrender.com",
    "owner-verification":"malvink003@gmail.com",
  
    "env": {
      "SESSION_ID": {
        "description": "Put your SESSION_ID here. It starts with malvin~",
        "value":"",
        "required": true
        
      },
      
    "OWNER_NUMBER": {
      "description": "Enter owner number",
      "required": false,
      "value": "263714757857"

    }  
  }
}
